tt1830817	movie	Station	Station	0	\N	\N	\N	Mystery
tt1825906	movie	Obscene Gangbang Sluts	Obscene Gangbang Sluts	1	2010	\N	122	\N
tt6765436	movie	Kodambakkam	Kodambakkam	0	2006	\N	131	\N
tt3797076	movie	The New Rijksmuseum - The Film	Het Nieuwe Rijksmuseum - De Film	0	2014	\N	120	Documentary,Drama
tt1395039	movie	Etats généraux	Etats généraux	0	2006	\N	52	Documentary
tt7659522	movie	Straight Outta Oakland 2	Straight Outta Oakland 2	0	2017	\N	75	Drama
tt7082992	movie	Dionne	Dionne	0	\N	\N	\N	Biography,Drama,Music
tt1927164	movie	The Zombies Are Coming to Town!	The Zombies Are Coming to Town!	0	2011	\N	64	Comedy,Horror
tt8342104	movie	King of the Valley	King of the Valley	0	2018	\N	97	Drama
tt0105733	movie	Die vergessene Stadt - Butte, Montana	Die vergessene Stadt - Butte, Montana	0	1992	\N	87	Documentary,History
tt1076786	movie	Bungalow di Lereng Bukit	Bungalow di Lereng Bukit	0	1976	\N	\N	\N
tt1267280	movie	Men's River	Nan ren he	0	1998	\N	100	\N
tt0059356	movie	Kid Rodelo	Kid Rodelo	0	1966	\N	79	Western
tt2960920	movie	Awakening the Healing Voices of Our Ancestors	Awakening the Healing Voices of Our Ancestors	0	2013	\N	28	Documentary,History
tt0093112	movie	Il grande Blek	Il grande Blek	0	1987	\N	105	Drama
tt0358063	movie	Raja Jani	Raja Jani	0	1972	\N	\N	Action,Drama,Romance
tt0293447	movie	Neeyum Naanum	Neeyum Naanum	0	2018	\N	136	\N
tt0231876	movie	Kardia pou lygise apo ton pono	Kardia pou lygise apo ton pono	0	1968	\N	88	Drama
tt0015335	movie	Sinners in Heaven	Sinners in Heaven	0	1924	\N	70	Drama,Romance
tt0057028	movie	Eleven Years and One Day	Elf Jahre und ein Tag	0	1963	\N	100	Drama
tt2351277	movie	Colère	Colère	0	2012	\N	90	Drama
tt0175269	movie	Typhoon Love	Typhoon Love	0	1925	\N	\N	Drama
tt1736040	movie	Awake in the Woods	Awake in the Woods	0	2015	\N	73	Horror,Thriller
tt3079150	movie	The Morning After	The Morning After	0	2014	\N	\N	Drama
tt6464500	movie	This is a dog's world	This is a dog's world	0	2016	\N	75	Documentary
tt0061438	movie	The Man Who Betrayed the Mafia	L'homme qui trahit la mafia	0	1967	\N	90	Drama,Thriller
tt0202135	movie	Miracle Fighters 4	Yin yang qi bin	0	1986	\N	\N	Action,Comedy
tt8347882	movie	Shonar Pahar	Shonar Pahar	0	2018	\N	\N	Drama
tt5228184	movie	Raga: Färbung des Geistes	Raga: Färbung des Geistes	0	2004	\N	\N	Documentary
tt2386177	movie	A Taste of Provence: History, Art & Culture	A Taste of Provence: History, Art & Culture	0	2005	\N	55	Documentary
tt0074744	movie	Kilenc hónap	Kilenc hónap	0	1976	\N	88	Drama
tt0045030	movie	The Pickwick Papers	The Pickwick Papers	0	1952	\N	109	Comedy,Drama
tt3113842	movie	Red Plague	Red Plague	0	2014	\N	\N	Comedy,Horror
tt0084524	movie	A Portrait of Giselle	A Portrait of Giselle	0	1982	\N	\N	Documentary
tt1179852	movie	Jorgos from Sotirianika	O Giorgos kai ta Sotirianika	0	1978	\N	45	Documentary
tt0345503	movie	Karasu	Karasu	0	1958	\N	\N	\N
tt0053583	movie	All the Young Men	All the Young Men	0	1960	\N	87	Action,Drama,War
tt0070763	movie	A szerelem határai	A szerelem határai	0	1974	\N	80	\N
tt1655389	movie	Blonde	Blonde	0	\N	\N	\N	Biography,Drama
tt7238958	movie	Prioni II	Prioni II	0	2018	\N	\N	Horror,Sci-Fi
tt1140875	movie	Sell Out! (The Student Films of Don Swanson)	Sell Out! (The Student Films of Don Swanson)	0	2007	\N	180	Comedy,Drama,Horror
tt1642662	movie	The Works of Darren McGannon	The Works of Darren McGannon	0	2010	\N	91	Comedy,Drama,Romance
tt0045281	movie	Untamed Frontier	Untamed Frontier	0	1952	\N	78	Western
tt1332007	movie	Strangers	Chuzhie	0	2008	\N	102	Drama
tt1887751	movie	Les llunes de Galileu	Les llunes de Galileu	0	2011	\N	\N	\N
tt1899216	movie	Jostojoo dar jazireh	Jostojoo dar jazireh	0	1991	\N	\N	\N
tt0075159	movie	San Pasquale Baylonne protettore delle donne	San Pasquale Baylonne protettore delle donne	0	1976	\N	93	Comedy
tt7975674	movie	Reborn	Reborn	0	2018	\N	\N	Horror
tt7382680	movie	MMO:IRL	MMO:IRL	0	2018	\N	90	Adventure,Comedy,Fantasy
tt1729172	movie	Backfire!	Backfire!	0	1962	\N	61	Thriller
tt8420192	movie	Zui du fu ren xin	Zui du fu ren xin	0	1986	\N	\N	Drama
tt5695140	movie	Dark Hallways	Dark Hallways	0	2016	\N	\N	Horror
tt8726166	movie	Two of Us	Two of Us	0	2019	\N	\N	Drama
tt8287172	movie	Gyerekjáték	Gyerekjáték	0	\N	\N	\N	Romance
tt2244697	movie	Adhinayakudu	Adhinayakudu	0	2012	\N	\N	Action,Drama
tt0317136	movie	The Bells of St. Mary's	The Bells of St. Mary's	0	1928	\N	\N	Comedy
tt0154028	movie	A zenélö zsinagóga	A zenélö zsinagóga	0	1997	\N	\N	Documentary
tt3429774	movie	Branded	Branded	0	2017	\N	73	Drama,Mystery,Western
tt8787396	movie	The All-Stars	The All-Stars	0	\N	\N	\N	\N
tt0404434	movie	Sleep Always	Sleep Always	0	2002	\N	81	Drama
tt2156693	movie	Cinq leçons de théâtre d'Antoine Vitez	Cinq leçons de théâtre d'Antoine Vitez	0	1978	\N	\N	Documentary
tt0472458	movie	Dumplings	Jiao zi	0	2004	\N	91	Drama,Horror
tt5238896	movie	Condo Hell	Condo Hell	0	2015	\N	77	Horror
tt1392095	movie	Aradhane	Aradhane	0	1984	\N	\N	\N
tt4799700	movie	Sexing the Label	Sexing the Label	0	1996	\N	\N	Documentary
tt7419326	movie	All Dressed Up	All Dressed Up	0	\N	\N	\N	Comedy
tt4456262	movie	Mohammed VI, la dynamique du Maroc	Mohammed VI, la dynamique du Maroc	0	2014	\N	40	Documentary
tt8312224	movie	La Main dans le Chapeau	La Main dans le Chapeau	0	2001	\N	60	Documentary
tt0293332	movie	Korega Betonamu sensôda	Korega Betonamu sensôda	0	1968	\N	49	Documentary
tt8334148	movie	An Expats' Tale	An Expats' Tale	0	2018	\N	101	Drama
tt0145551	movie	Undercurrent	Undercurrent	0	1998	\N	94	Thriller
tt0146324	movie	Dream Play	Traumspiel	0	1925	\N	\N	Animation
tt0172394	movie	Ellehammer-filmen	Ellehammer-filmen	0	1957	\N	\N	\N
tt5754050	movie	In God's Underground	In God's Underground	0	\N	\N	\N	Biography,Drama
tt4440878	movie	Forgive Me Father for I Have Sinned	Forgive Me Father for I Have Sinned	0	2015	\N	\N	Biography,Crime,Drama
tt0010678	movie	Die Seebadnixe	Die Seebadnixe	0	1919	\N	\N	Comedy
tt5614054	movie	Josef Ritter von Gadolla - Der Retter von Gotha	Josef Ritter von Gadolla - Der Retter von Gotha	0	2015	\N	47	Documentary
tt2933632	movie	According to Her	According to Her	0	2016	\N	90	Comedy,Drama
tt1167867	movie	Cat Girls Gamblers	Toba no mesu neko	0	1965	\N	88	Action,Crime
tt3597830	movie	Inhuman	Inhuman	0	\N	\N	\N	Horror
tt2436058	movie	Raganu Menesis	Raganu Menesis	0	2012	\N	96	Comedy,Drama
tt1631867	movie	Edge of Tomorrow	Edge of Tomorrow	0	2014	\N	113	Action,Sci-Fi
tt1712067	movie	Hair of the Dog	Hair of the Dog	0	\N	\N	\N	Comedy
tt1461249	movie	Meskada	Meskada	0	2010	\N	98	Crime,Drama,Thriller
tt3290562	movie	Mercy	Mercy	0	2014	\N	100	Drama
tt0199990	movie	Mission for the Dragon	Maegwon	0	1979	\N	95	Action,Drama
tt4269966	movie	Prochesta	Prochesta	0	\N	\N	\N	Drama
tt0077772	movie	Jing wang shuang xiong	Jing wang shuang xiong	0	1978	\N	95	Crime
tt0129414	movie	A Soldier's Sweetheart	A Soldier's Sweetheart	0	1998	\N	112	Drama,War
tt0009781	movie	We Can't Have Everything	We Can't Have Everything	0	1918	\N	60	Drama
tt0312374	movie	Here Was the Anthem	Aquí iba el himno	0	2002	\N	47	Crime,Drama
tt1553930	movie	The Survivors Project: Voices from the Inside-out!	The Survivors Project: Voices from the Inside-out!	0	2007	\N	45	Documentary
tt2789512	movie	Hapishane gülü	Hapishane gülü	0	1986	\N	85	Drama
tt2967646	movie	Yumi Yet	Yumi Yet	0	1975	\N	54	Documentary
tt3194412	movie	El gran circo pobre de Timoteo	El gran circo pobre de Timoteo	0	2013	\N	75	Documentary,Drama
tt2203757	movie	Bujang terlajak	Bujang terlajak	0	2012	\N	90	Comedy
tt0027283	movie	The Terrible Lovers	Les amants terribles	0	1936	\N	86	Comedy
tt3874900	movie	Rater Kuheli	Rater Kuheli	0	1988	\N	\N	Drama
tt4359602	movie	Het mooiste wat er is	Het mooiste wat er is	0	2015	\N	86	Drama
tt0459578	movie	Ballroom Dancing	Táncrend	0	2003	\N	46	Documentary
tt0051934	movie	Miss Stone	Mis Ston	0	1958	\N	96	Adventure,Drama,History
tt2734974	movie	Little Paradise	Little Paradise	0	2015	\N	90	Comedy,Crime,Thriller
tt1863160	movie	Bambieffekten	Bambieffekten	0	2011	\N	75	Drama
tt6968706	movie	Masuyama Chounouryokushi jimusho: Gekijouban wa koi no aji	Masuyama Chounouryokushi jimusho: Gekijouban wa koi no aji	0	2017	\N	89	Crime,Mystery
tt3157254	movie	Caravana Gitana	Caravana Gitana	0	\N	\N	\N	Drama
tt1263764	movie	Schöne Virtuelle Welt	Schöne Virtuelle Welt	0	2002	\N	\N	\N
tt4760890	movie	Dorobô nikki	Dorobô nikki	0	1924	\N	\N	\N
tt2124829	movie	The Field of Enchantment	La clé des champs	0	2011	\N	81	Family
tt0416960	movie	The Lizard	Marmoulak	0	2004	\N	115	Comedy,Drama
tt0040155	movie	Berlin Express	Berlin Express	0	1948	\N	87	Crime,Drama,Film-Noir
tt1791441	movie	A Lesson of Love	A Lesson of Love	0	2014	\N	102	Drama,Romance
tt1279237	movie	Prema Yuddham	Prema Yuddham	0	1990	\N	90	Action
tt0323860	movie	Saban çingeneler arasinda	Saban çingeneler arasinda	0	1952	\N	\N	Comedy,Romance
tt6192784	movie	Con Girls	Con Girls	0	\N	\N	\N	Action
tt1886574	movie	Into the Beautiful	Into the Beautiful	0	\N	\N	\N	Comedy,Drama
tt3009456	movie	The Value of Time	O ouro do tempo	0	2013	\N	97	Drama
tt6498604	movie	Le Vieux	Le Vieux	0	2004	\N	\N	Drama
tt0438871	movie	Ibigin mo ako, mahalin mo ako	Ibigin mo ako, mahalin mo ako	0	\N	\N	\N	Drama,Romance
tt8068228	movie	Dabbe 7	Dabbe 7	0	2018	\N	\N	Horror
tt0377119	movie	Jester Till	Till Eulenspiegel	0	2003	\N	85	Adventure,Animation,Family
tt1360768	movie	David Farrell: Elusive Moments	David Farrell: Elusive Moments	0	2008	\N	65	Documentary
tt4580370	movie	Negeri Van Oranje	Negeri Van Oranje	0	2015	\N	\N	Drama
tt0338988	movie	Family Secrets	Family Secrets	0	2001	\N	78	Drama
tt0438054	movie	Getting Nowhere Faster	Getting Nowhere Faster	0	2004	\N	\N	Documentary
tt0008424	movie	Pero el amor venció	Pero el amor venció	0	1917	\N	\N	\N
tt0023346	movie	Pojkarna på Storholmen	Pojkarna på Storholmen	0	1932	\N	93	Comedy
tt3317762	movie	The Butcher Possessions	Beckoning the Butcher	0	2014	\N	70	Drama,Horror,Thriller
tt0237625	movie	Les quatre cavaliers de l'apocalypse	Les quatre cavaliers de l'apocalypse	0	1991	\N	93	\N
tt4604480	movie	Untitled Cable Industry Documentary	Untitled Cable Industry Documentary	0	\N	\N	\N	Documentary
tt2419838	movie	Portugals Algarve auf eigene Faust	Portugals Algarve auf eigene Faust	0	2010	\N	125	Documentary
tt4945068	movie	Tokyo Decibels	Tokyo Deshiberu	0	2017	\N	\N	Drama
tt0009941	movie	The Bluffer	The Bluffer	0	1919	\N	\N	Drama
tt0051618	movie	The Flame Barrier	The Flame Barrier	0	1958	\N	70	Sci-Fi
tt3527012	movie	To Russia with Love	To Russia with Love	0	1999	\N	48	Documentary
tt0318011	movie	Rachida	Rachida	0	2002	\N	100	Drama
tt0321963	movie	Declaração	Declaração	0	1974	\N	\N	\N
tt1450722	movie	Darfur's Skeleton	Darfur's Skeleton	0	2009	\N	52	Documentary
tt0180115	movie	Sablazan	Sablazan	0	1982	\N	82	Drama,War
tt1670365	movie	Heist	Heist	0	\N	\N	\N	Action,Crime,Thriller
tt2182135	movie	Stranded in the Unknown	Stranded in the Unknown	0	2012	\N	70	Sci-Fi
tt0012759	movie	Tilly of Bloomsbury	Tilly of Bloomsbury	0	1921	\N	50	Comedy
tt0198965	movie	Savage Breed	Razza selvaggia	0	1980	\N	99	Drama
tt7699284	movie	Ke Tumi	Ke Tumi	0	1964	\N	\N	Drama
tt3828854	movie	I Am an Alien	I Am an Alien	0	\N	\N	\N	Biography,Comedy,Game-Show
tt0103735	movie	Auge um Auge	Auge um Auge	0	1992	\N	90	Drama
tt0193891	movie	Easy Alice	Easy Alice	1	1976	\N	83	Adult,Drama
tt3815126	movie	Ângelo de Sousa - Tudo o Que Sou Capaz	Ângelo de Sousa - Tudo o Que Sou Capaz	0	2010	\N	60	Biography,Documentary
tt3810486	movie	The Innocent Bastard	The Innocent Bastard	0	2016	\N	80	Action
tt0180772	movie	Ju-Ni Hitoe oder die Entdeckung der Seele	Ju-Ni Hitoe oder die Entdeckung der Seele	0	1994	\N	55	Documentary
tt2767002	movie	Hip Hop danza urbana	Hip Hop danza urbana	0	2013	\N	\N	Documentary
tt1233200	movie	The Spirit of Money	Der Geist des Geldes	0	2007	\N	88	Documentary
tt0139339	movie	Harlem After Midnight	Harlem After Midnight	0	1934	\N	\N	Drama
tt0113744	movie	Y Mapiwr	Y Mapiwr	0	1995	\N	90	\N
tt2960678	movie	Korkunç tecavüz	Korkunç tecavüz	0	1972	\N	58	Crime,Horror,Thriller
tt1479958	movie	Bagawat	Bagawat	0	1995	\N	147	Drama
tt0266948	movie	La seconda ombra	La seconda ombra	0	2000	\N	90	\N
tt2369596	movie	C'est pas du jeu	C'est pas du jeu	0	2012	\N	56	Documentary
tt0261697	movie	The Hidden Fortress	La forteresse suspendue	0	2001	\N	95	Adventure,Comedy
tt0823209	movie	Dan Dan, Dad and Me	Dan Dan, Dad and Me	0	2000	\N	52	Documentary
tt0372776	movie	First Love	Awal hub	0	1964	\N	\N	\N
tt1177963	movie	Xue lu xue lu	Xue lu xue lu	0	1970	\N	\N	Drama,War
tt4829450	movie	Louder Than Words	Louder Than Words	0	2016	\N	100	Documentary
tt3273740	movie	Nero d'Italia	Nero d'Italia	0	2013	\N	\N	Documentary
tt1007950	movie	Diminished Capacity	Diminished Capacity	0	2008	\N	92	Comedy
tt0186010	movie	Cuatro años después	Cuatro años después	0	1976	\N	\N	\N
tt0034947	movie	The Little Residence	Kleine Residenz	0	1942	\N	88	Comedy
tt1986126	movie	Shanti	Shanti	0	\N	\N	\N	Drama
tt0329506	movie	The Sunken Cemetery	Potonulo groblje	0	2002	\N	102	Horror,Thriller
tt0058969	movie	The Big Job	The Big Job	0	1965	\N	85	Comedy,Mystery
tt3711684	movie	Three Touches	Tre tocchi	0	2014	\N	100	Comedy,Drama
tt7297956	movie	Dark is the Night	Madilim ang gabi	0	2017	\N	115	Drama
tt1592556	movie	Magi i luften	Magi i luften	0	2011	\N	90	Drama,Musical
tt0316538	movie	Santos Vega	Santos Vega	0	1936	\N	89	Drama,History,Western
tt1874759	movie	The Guardians	The Guardians	0	2005	\N	110	Action,Drama,Thriller
tt1198192	movie	The Chaser	The Chaser	0	\N	\N	\N	Action,Thriller
tt0220481	movie	Het geluk komt morgen	Het geluk komt morgen	0	1958	\N	90	Comedy
tt3959580	movie	Hitozuma hatsujôki: Furin mamire	Hitozuma hatsujôki: Furin mamire	0	1999	\N	61	\N
tt7435274	movie	Ustica, the Diamond years	Ustica, the Diamond years	0	2017	\N	90	Documentary,History,Sport
tt3738976	movie	Oishii Onna-tachi	Oishii Onna-tachi	0	1987	\N	69	\N
tt0154265	movie	Bullet	Bullet	0	1976	\N	\N	Action,Crime,Thriller
tt4942738	movie	Our Healing Journey: Trailer	Our Healing Journey: Trailer	0	2014	\N	51	Adventure,Biography,Documentary
tt5780352	movie	Hamish	Hamish	0	2016	\N	\N	Documentary
tt2194595	movie	Joe Goes to Serbia	Joe Goes to Serbia	0	2008	\N	51	Documentary
tt2591706	movie	Best Supporting Actor	Yak daiyin wa rak kan	0	2010	\N	\N	Romance
tt2676892	movie	Unraveling	Unraveling	0	\N	\N	\N	Thriller
tt1725803	movie	Delhi in a Day	Delhi in a Day	0	2011	\N	88	Comedy,Drama
tt2098680	movie	The Lustful Shogun and His 21 Concubines	Ero shogun to nijuichi nin no aisho	0	1972	\N	95	\N
tt2388775	movie	The Mike King Story Special Feature	The Mike King Story Special Feature	0	1993	\N	51	Action
tt3745694	movie	Artifice	Artifice	0	2016	\N	108	Thriller
tt1669649	movie	Kutsar koputab kolm korda	Kutsar koputab kolm korda	0	2010	\N	49	Drama,Fantasy,Mystery
tt2528466	movie	D'une vie à l'autre	D'une vie à l'autre	0	2012	\N	\N	Documentary
tt2376024	movie	Venus and Serena	Venus and Serena	0	2012	\N	99	Documentary
tt7094790	movie	Stip & Pensil	Stip & Pensil	0	2017	\N	98	Comedy
tt0001163	movie	Corrida da Rampa	Corrida da Rampa	0	1910	\N	\N	Documentary
tt4665642	movie	The Ambiguity of David Thomas Broughton	The Ambiguity of David Thomas Broughton	0	2017	\N	59	Documentary
tt0145463	movie	Shinmungo	Shinmungo	0	1963	\N	\N	Drama,War
tt8613758	movie	Bucharest Bluff	Bucharest Bluff	0	\N	\N	\N	Comedy
tt0035629	movie	Always a Bridesmaid	Always a Bridesmaid	0	1943	\N	61	Comedy,Music
tt0167897	movie	Dio c'è	Dio c'è	0	1998	\N	80	Comedy
tt1742078	movie	Mrs. Carey's Concert	Mrs. Carey's Concert	0	2011	\N	95	Documentary,Drama,Family
